,id,img,label,text,pred_cf_value
0,8291,./data/img/08291.png,1,white people is this a shooting range,0.0060996925458312035
1,46971,./data/img/46971.png,1,bravery at its finest,0.00010176132491324097
2,3745,./data/img/03745.png,1,your order comes to $37.50 and your white privilege discount brings the total to $37.50,5.857321957591921e-05
3,83745,./data/img/83745.png,1,it is time.. to send these parasites back to the desert,0.7744408249855042
4,80243,./data/img/80243.png,1,mississippi wind chime,0.0006237532361410558
5,5279,./data/img/05279.png,1,"knowing white people , that's probably the baby father",0.0014385292306542397
6,1796,./data/img/01796.png,1,life hack #23 how to get stoned with no weed,0.17505431175231934
7,53046,./data/img/53046.png,1,"you've heard of elf on a shelf, now get ready for",6.431150541175157e-05
8,82301,./data/img/82301.png,1,cooooooooooooon!!!!,0.055126357823610306
9,31752,./data/img/31752.png,1,when you get to choose your own mental illness,0.4257132411003113
10,27635,./data/img/27635.png,1,dat ass ahmarbkrich*d,0.9987670183181763
11,80597,./data/img/80597.png,1,look! it says it right here! we can fuck goats!,0.9965100884437561
12,45368,./data/img/45368.png,1,enough is enough children are more important than freaks,0.13271453976631165
13,17963,./data/img/17963.png,1,removes polish with chemicals nobody bats an eye removes polish with chemicals everybody loses his shit,0.9877074360847473
14,53968,./data/img/53968.png,1,when you have an 80 point iq but it's the highest in your village,0.000308720744214952
15,10749,./data/img/10749.png,1,my sense of humor is so dark it picks cotton,0.00036361260572448373
16,25149,./data/img/25149.png,1,if this offends you you might be lack toes intolerant,0.1645517796278
17,87520,./data/img/87520.png,1,"yes, we know trump said ""mexico will pay for the wall"" but now mexicans are the wall. that boy good!!!!",0.00048476774827577174
18,89071,./data/img/89071.png,1,they don't wash their ass with water and they eat their daughters' ass,0.9992743134498596
19,9563,./data/img/09563.png,1,safe sex isis style,0.006607763934880495
20,72048,./data/img/72048.png,1,hurry up barack will be home soon,0.00022312047076411545
21,49826,./data/img/49826.png,1,white people on cinco de mayo vs. every other day,0.007346601691097021
22,26453,./data/img/26453.png,1,"a ww2 jewish prisoner trying to escape the auchschwitz showers (1943, colorized) wwii jew escaping hitler's rath",0.11127162724733353
23,12650,./data/img/12650.png,1,which one has tranny problems?,0.0005446195718832314
24,2568,./data/img/02568.png,1,whatsthe difference between heroin and i? cops think twice before shooting heroin,0.005566033069044352
25,83954,./data/img/83954.png,1,head teachers given the power to ban the burqa in british schools share if you want a full ban in britain!,0.00023336868616752326
26,24316,./data/img/24316.png,1,sharks don't attack him why? they think it's whale shit,0.7778186798095703
27,62035,./data/img/62035.png,1,thank god my ass needed a break,0.9874690771102905
28,65342,./data/img/65342.png,1,"barn army enlist, and bomb ant hills ""grab your pitchfork and meet at the barn""",0.19303682446479797
29,92058,./data/img/92058.png,1,how black people became christians,0.029368137940764427
30,58672,./data/img/58672.png,1,did you know that the chinese eat dogs savages disgusting,0.9977922439575195
31,54069,./data/img/54069.png,1,when you decide to go full gas,0.07294338941574097
32,91586,./data/img/91586.png,1,left the kitchen too many times,0.004406427964568138
33,87130,./data/img/87130.png,1,finally finding the right tutorial you need indian accent,3.995072256657295e-05
34,95640,./data/img/95640.png,1,syrian rape survivor speaks out,0.021273670718073845
35,47819,./data/img/47819.png,1,"oh, addiction isn't a disease because it started with a choice?? tell me more about how the chlamydia in your crotch isn't a disease, yet it started with a choice",0.8129808306694031
36,59140,./data/img/59140.png,1,wanna go masturbate? fuck yeah! masturbating!,0.9932851791381836
37,13647,./data/img/13647.png,1,she said girls run the world... so i told her get back in the kitchen,0.007468910422176123
38,65832,./data/img/65832.png,1,why love one but eat the other ? i don't get it,5.4395757615566254e-05
39,57621,./data/img/57621.png,1,if this gets 1k likes i'll post to islam how we see muslims how muslims see us,0.000849891162943095
40,40982,./data/img/40982.png,1,and just like that... this sandwich maker doubles as ironing board,0.00014359602937474847
41,43275,./data/img/43275.png,1,my husband is always pushing me around... and talking behind my back,0.04821135103702545
42,12973,./data/img/12973.png,1,someone added to much soap to the dishwasher again,0.00022549480490852147
43,74350,./data/img/74350.png,1,a head diaper is required when you have shit for brains,0.998190701007843
44,2478,./data/img/02478.png,1,must..resist...urge to.. kill whitey.,0.9167135953903198
45,51607,./data/img/51607.png,1,49 people were killed at christchurch muslim 49 people were killed at christchurch mosques muslim,0.45253047347068787
46,65403,./data/img/65403.png,1,money is evil give it to us,0.1532810479402542
47,29750,./data/img/29750.png,1,this cat is getting raped tonight,0.9307661652565002
48,26547,./data/img/26547.png,1,that's the way allah allah i like it,0.0004919951898045838
49,2143,./data/img/02143.png,1,"doesnt have food, water, electricity proud of nuclear weapons",0.0001782245672075078
50,68192,./data/img/68192.png,1,scientist are working hard to cure them all,0.0017218563007190824
51,52603,./data/img/52603.png,1,feeling kinda cute might steal your shit later.. idk,0.9667990803718567
52,5349,./data/img/05349.png,0,normal day in a islamic country,0.00026838327175937593
53,6491,./data/img/06491.png,1,tranny for sale,0.00011488033487694338
54,74013,./data/img/74013.png,1,"nurse: yes sir, we are having mashed potatoes today alzheimer's patient: i don't remember asking you a god damn thing",0.6273254752159119
55,27485,./data/img/27485.png,1,thats the way allah allah i like it!!!,0.001135359168983996
56,13026,./data/img/13026.png,1,under the name of multiculturalism we let terrorist into this country,0.015391623601317406
57,17265,./data/img/17265.png,0,meanwhile in baltimore,0.00014483241830021143
58,91405,./data/img/91405.png,0,wears rag on her head so her brother husband doesnt want to molest her,0.3346579968929291
59,14026,./data/img/14026.png,1,told girlfriend that mom is deaf so speak loud and slow told mom that girlfriend is retarded,0.8354119062423706
60,18945,./data/img/18945.png,1,when you decide to go full gas,0.07294338941574097
61,83920,./data/img/83920.png,1,"just under 17 and a half years ago, 19 people were allowed into the us who should not have been all these years later, we are told that the answer to safety is to allow everyone in",5.4306816309690475e-05
62,83497,./data/img/83497.png,0,different types of radicalization,0.00018370311590842903
63,4569,./data/img/04569.png,0,when is the time to eat i am hungry,6.973963172640651e-05
64,39607,./data/img/39607.png,1,those stupid basterds thought it was a real shower,0.9987533092498779
65,9715,./data/img/09715.png,1,i started a business that sells landmines disguised as prayer mats.. ..prophets are going through the roof,0.0011193265672773123
66,1925,./data/img/01925.png,1,i am not racist i just don't like brown sugar,0.004794429522007704
67,94813,./data/img/94813.png,0,thats the way allah allah i like it!!!,0.001135359168983996
68,29437,./data/img/29437.png,1,what can happen if you eat wheaties for 38 years,0.0007479969062842429
69,95038,./data/img/95038.png,0,when you take these pics we think about cumming in your mouth,0.9939348101615906
70,64891,./data/img/64891.png,1,lebanon: before muslims after muslims but don't worry! after islam takes over there'll be a golden age.. apparently,8.558430999983102e-05
71,63280,./data/img/63280.png,1,so you're never going to forgive the germans because of the holocaust? same,0.0008719520410522819
72,17682,./data/img/17682.png,1,give them what they deserve kill them all,0.941591739654541
73,84510,./data/img/84510.png,1,bartender: how about a nice 12 yr old? him: boy or girl?,0.0001914057502290234
74,28690,./data/img/28690.png,0,if you're gonna talk shit about someone... you better make sure they aren't crazier than you are,0.9699156284332275
75,3567,./data/img/03567.png,1,potato is my favorite color of the alphabet,0.0004686228057835251
76,95830,./data/img/95830.png,1,face of terrorism in us,0.00043071413529105484
77,29873,./data/img/29873.png,1,who knew that this country is full of white trash,0.9930330514907837
78,70953,./data/img/70953.png,1,"""god's chosen people"" according to the book they wrote",9.946172940544784e-05
79,56124,./data/img/56124.png,0,how to cook turkey in usa how to cook turkey in romania,6.325379945337772e-05
80,10386,./data/img/10386.png,1,the book about terrorism,0.00023869141296017915
81,19530,./data/img/19530.png,1,they shot the wrong gorilla,0.008972886018455029
82,94185,./data/img/94185.png,1,how a black woman can fight crime,0.019693858921527863
83,48370,./data/img/48370.png,1,72 virgins are ready to get fucked up,0.9988665580749512
84,74058,./data/img/74058.png,0,he made millions of children homeless,0.011451595462858677
85,45062,./data/img/45062.png,0,me and my kids are going to rob this country blind at the expense of the very people that voted for me. and they're going to love it. believe me! bigly!,0.19049054384231567
86,94170,./data/img/94170.png,0,when you decide to go full gas,0.07294338941574097
87,4538,./data/img/04538.png,0,"bows here, bows there, bows everywhere",7.181525870691985e-05
88,83946,./data/img/83946.png,1,when a white kid shoots up the school the same day you planned to bomb it,0.2026146650314331
89,68127,./data/img/68127.png,0,all you guys think about is dope,0.1688275933265686
90,97453,./data/img/97453.png,0,potato is my favorite color of the alphabet,0.0004686228057835251
91,39578,./data/img/39578.png,1,one of the bullets they dug out of a victim from the orland gay night club shooting!,0.008877348154783249
92,49360,./data/img/49360.png,0,who wants ice cream me me me,0.003871187102049589
93,87034,./data/img/87034.png,0,you don't need a parachute to go skydiving twice you need a parachute to go skydiving twice,0.00012000287097180262
94,6123,./data/img/06123.png,1,a group of men,0.0001710366050247103
95,17028,./data/img/17028.png,1,"feeling bored, let's go to a mosque",0.0007730143261142075
96,42903,./data/img/42903.png,0,those stupid basterds thought it was a real shower,0.9987533092498779
97,71680,./data/img/71680.png,1,muslim strip club,0.6301258206367493
98,24135,./data/img/24135.png,0,good night keep your butthole tight,0.8744021058082581
99,32875,./data/img/32875.png,0,if he wears number one he's most likely the fastes on the team,0.00010069306881632656
100,79085,./data/img/79085.png,1,today we are making vegetable soup,0.00022140011424198747
101,61872,./data/img/61872.png,1,don't be a fool it is a bomb,0.42338302731513977
102,30579,./data/img/30579.png,0,white power!,0.00033524687751196325
103,62504,./data/img/62504.png,0,we've taken this country! now fuck off! we're taking it back!,0.9985055923461914
104,43810,./data/img/43810.png,1,how to cook turkey in usa how to cook turkey in romania,6.325379945337772e-05
105,19730,./data/img/19730.png,1,jamal is practicing for class sport,0.0001396002626279369
106,37420,./data/img/37420.png,0,like lebanon terrorism can destroy a beautiful country,0.07981487363576889
107,82509,./data/img/82509.png,0,72 virgins are ready to get fucked up,0.9988665580749512
108,96284,./data/img/96284.png,1,welcome to melbourne,0.00018734653713181615
109,97068,./data/img/97068.png,1,these hitler jokes are rude anne frankly i don't care,0.7212051153182983
110,3214,./data/img/03214.png,0,bartender: how about a nice 12 yr old? him: boy or girl?,0.0001914057502290234
111,23810,./data/img/23810.png,1,these aren't people,0.0019676631782203913
112,91836,./data/img/91836.png,1,one of my 5 boyfriends slept with another girl i'll never trust men again!,0.08953980356454849
113,5126,./data/img/05126.png,1,can you smell what the reich is cooking,0.04552096873521805
114,76092,./data/img/76092.png,0,everybody is afraid of gangs,0.00010563697287579998
115,64072,./data/img/64072.png,1,trump said immigrants come here to steal your wife is a great example she stole my speech,0.6397507786750793
116,91058,./data/img/91058.png,0,get in loser we're invading poland,0.9464552402496338
117,21643,./data/img/21643.png,0,haha pig man is peeing standing up,0.9869122505187988
118,19523,./data/img/19523.png,0,they see them rollin.... they hating..,0.07088116556406021
119,32691,./data/img/32691.png,1,this is how muslims celebrate new year,0.00014903843111824244
120,87169,./data/img/87169.png,1,albanians talking photo with a porn star,0.0014472813345491886
121,92738,./data/img/92738.png,1,"they are the best in basketball because they can steal, shoot and run",0.14983204007148743
122,53027,./data/img/53027.png,0,putting bows on your pet,0.0008823578245937824
123,27195,./data/img/27195.png,0,there's a reason we keep the beer in the bottom of the cooler,8.134359813993797e-05
124,43910,./data/img/43910.png,0,i just started a company selling landmines that look like prayer mats prophets are going through the roof,0.00035814254079014063
125,5213,./data/img/05213.png,0,the families of the hillsborough tragedy were denied legal aid.... but shamima begum gets it to fight for her uk citizenship our system is a sick joke! - martin costello,0.01641206629574299
126,73945,./data/img/73945.png,0,jamal is holding a gun,0.2676016092300415
127,56207,./data/img/56207.png,1,we broke up but she said we could still be cousins,0.00011241864558542147
128,68459,./data/img/68459.png,1,family trip in mexico,0.0005116162355989218
129,63175,./data/img/63175.png,0,"if i was uncircumcised i'd hide candy in my dick skin so when a girl about to suck me up, she has a pleasant surprise.. oh my god, skittles",0.9910906553268433
130,82945,./data/img/82945.png,0,be careful who you call ugly in highschool,0.0454016774892807
131,34975,./data/img/34975.png,0,what if the only reason mary got pregnant... is because god is gay and needed a surrogate,0.8216311931610107
132,61973,./data/img/61973.png,1,what do alcoholics and necrophiliacs have in common they both love to crack open a cold one.,0.008687147870659828
133,16420,./data/img/16420.png,0,abnormal vs normal,0.00018156258738599718
134,73069,./data/img/73069.png,1,immigration invasion learn the difference,6.438305717892945e-05
135,47056,./data/img/47056.png,1,illegal aliens are not welcome,0.00035085127456113696
136,56428,./data/img/56428.png,0,if the shocker don't rock her spock her,0.8114200234413147
137,54206,./data/img/54206.png,0,you can smell disgust and hate from this photo,0.8330303430557251
138,93172,./data/img/93172.png,0,this is a terrorist,0.3196106553077698
139,56980,./data/img/56980.png,0,coffee isn't helping get the jumper cables,7.232941425172612e-05
140,79615,./data/img/79615.png,0,what women think men want what men really want,0.0006000655121169984
141,38047,./data/img/38047.png,0,"""stupid bitch"" is not a race",0.9993447661399841
142,94560,./data/img/94560.png,1,and for my next class project!,4.878571053268388e-05
143,96250,./data/img/96250.png,0,i'm going home i'm russian,0.0012487813364714384
144,28951,./data/img/28951.png,0,if the brim of your hat is flat and has a sticker on it i automatically assume you're a complete tool,0.000544591573998332
145,27614,./data/img/27614.png,0,maybe if you think before you act you'd be treated better,6.46067492198199e-05
146,4857,./data/img/04857.png,1,...even the dumb jews know that! trump is a racist.,0.9571477770805359
147,79603,./data/img/79603.png,1,its friday cunts lets get on the gas,0.896242082118988
148,26985,./data/img/26985.png,1,i just heard my girlfriend is pregnant,0.005321061704307795
149,14873,./data/img/14873.png,1,human dna found in ancient goat carcass scientists believe this is first proof muhammad existed,0.001548275351524353
150,54893,./data/img/54893.png,0,"old people at weddings always poke me and say ""you're next."" so, i started doing the same thing to them at funerals",8.685432112542912e-05
151,48236,./data/img/48236.png,0,that blood you donated could be in someone's boner right now,0.004550792742520571
152,74908,./data/img/74908.png,0,she is condemning shooting the gorilla,0.006109141744673252
153,96472,./data/img/96472.png,1,white power!,0.00033524687751196325
154,89430,./data/img/89430.png,0,when you know you don't have to jackoff tonight,0.15494173765182495
155,76921,./data/img/76921.png,1,she probably asked a wrong question,7.567695138277486e-05
156,68409,./data/img/68409.png,1,for the last time im not michelle obama,8.961804996943101e-05
157,16354,./data/img/16354.png,1,we've taken this country! now fuck off! we're taking it back!,0.9985055923461914
158,69548,./data/img/69548.png,1,"wait, mohammad come back i didn't mean to laugh, really size dosen't matter to me lol",0.00936224777251482
159,1456,./data/img/01456.png,1,they see them rollin..... they hating..,0.04801696166396141
160,17950,./data/img/17950.png,0,"i was excoriated for a harmless ""tweet"" and ""my show"" was cancelled",0.007124410010874271
161,76295,./data/img/76295.png,0,islamic extremist planning new project,0.0010682700667530298
162,42580,./data/img/42580.png,1,jack and jill went up the hill so jack could lick her candy but jack got a shock and a mouthful of cock cause jills real name was randy,0.995428204536438
163,96180,./data/img/96180.png,1,putting bows on your pet,0.0008823578245937824
164,98701,./data/img/98701.png,1,oh no i can't steal anymore,0.0008052782504819334
165,15243,./data/img/15243.png,0,4 am. everyone is asleep perfect time to run from one end of the house to the other at full speed as loudly as possible,0.0003486361529212445
166,41058,./data/img/41058.png,0,john wilkes booth be like: yall sure abraham lincoln dead? he aint up here,0.014736263081431389
167,62375,./data/img/62375.png,1,im not saying i'm racist im just saying all muslims are terrorists,0.7064442038536072
168,63507,./data/img/63507.png,0,evolution from peeling bananas to busting caps,0.00373138883151114
169,31208,./data/img/31208.png,1,maybe if we weren't consistent sources of crime we'd be treated better,6.96888382663019e-05
170,62319,./data/img/62319.png,1,"america in 2045 ""grandpa...why didn't you stop them?!""",0.001702327630482614
171,68253,./data/img/68253.png,1,free blanket maybe white man not so bad after all,0.0001025777673930861
172,34687,./data/img/34687.png,1,everyone is afraid of dark,9.16258359211497e-05
173,34209,./data/img/34209.png,0,how about a nice 12 yr old? bartender: him: boy i would love that,0.00016885856166481972
174,39827,./data/img/39827.png,1,kick them out of country,0.32629889249801636
175,46920,./data/img/46920.png,1,we want sharia law !! well.... go home,0.0002626126224640757
176,84273,./data/img/84273.png,0,when you're the reason for the company safety video,9.224969107890502e-05
177,39018,./data/img/39018.png,0,"she said ""i want a ring"" i said ""bitch take your phone off silent!""",0.9991528987884521
178,54780,./data/img/54780.png,1,travel size coffee maker,6.550810212502256e-05
179,69150,./data/img/69150.png,1,"""white privilege the privilege of being called ""racist"" by other people who see nothing else about you except the color of your skin",0.009874478913843632
180,29843,./data/img/29843.png,0,the world's most wanted terrorist obama bin lying,0.6790129542350769
181,19385,./data/img/19385.png,0,rose's are red violet's are blue little stupid ass bitch i ain't fuckin witchu,0.9996461868286133
182,64510,./data/img/64510.png,0,mohammad won the contest in putting underwear on goats,0.1988057941198349
183,47103,./data/img/47103.png,0,maybe we weren't consistent sources of crime we'd be treated better,4.73931067972444e-05
184,61038,./data/img/61038.png,0,no wonder why the pipes are not working,0.0001250185741810128
185,71620,./data/img/71620.png,1,we are returning our broken coffee maker,0.011401230469346046
186,91602,./data/img/91602.png,0,upper downer,0.008786107413470745
187,30145,./data/img/30145.png,0,"before my presidency, there was no isis. there was no caliphate there was no blm. there was no antifa. there was no war on police i built that",0.0005874287453480065
188,91756,./data/img/91756.png,1,abnormal vs normal,0.00018156258738599718
189,63745,./data/img/63745.png,1,we could destroy all of them but we let some of them survive so you know why we did it,0.0004984389524906874
190,47162,./data/img/47162.png,1,what do these two have in common? they both are good at sucking they both come with a bag,0.9932314157485962
191,59806,./data/img/59806.png,0,"on tuesday, november 3, 2020, we make america great again  by voting this nightmare out of office!",0.0021781618706882
192,7135,./data/img/07135.png,1,this is the greatest news manufacturing in 20th century,0.0001163260531029664
193,35497,./data/img/35497.png,0,"old people at weddings always poke me and say ""you're next."" so, i started doing the same thing to them at funerals",8.685432112542912e-05
194,84362,./data/img/84362.png,0,unleash the inner beast on the field,0.0005601798184216022
195,84015,./data/img/84015.png,1,my irony meter just exploded,0.0004033033037558198
196,87251,./data/img/87251.png,0,i love apes they are both ugly and cute,0.8476597666740417
197,82590,./data/img/82590.png,1,burning them was a great public service,0.003686479525640607
198,59738,./data/img/59738.png,1,what's the difference between a refugee and e.t e.t learned english and wanted to go home,0.00017991095955949277
199,35470,./data/img/35470.png,0,can you smell what the reigh is cooking,0.012811857275664806
200,72061,./data/img/72061.png,1,i like my rice crispy please,0.00019798117864411324
201,3524,./data/img/03524.png,1,terrorist can come to this country way to easy,0.0001032821019180119
202,86170,./data/img/86170.png,1,how to keep the thefts out,5.742372013628483e-05
203,50841,./data/img/50841.png,0,give them what they deserve kill them all,0.941591739654541
204,46087,./data/img/46087.png,0,give that man a suicide,0.8201888799667358
205,42058,./data/img/42058.png,0,for lunch vlad the impaler loved turkey,0.06957820802927017
206,1967,./data/img/01967.png,0,when you decide to stop racism by burning its symbol,0.0038489706348627806
207,54930,./data/img/54930.png,1,not all muslims are isis! some are al-qaida the rest are taliban,0.462745726108551
208,38076,./data/img/38076.png,1,"""he's a squirter"" doesn't sound as sexy when you are gay",0.9696689248085022
209,38910,./data/img/38910.png,1,oh boy i sure love being muslim in the new zealand city of christchurch on march 15,0.021354123950004578
210,6723,./data/img/06723.png,1,the hardest part to eat in a vegetable,0.002088795183226466
211,2157,./data/img/02157.png,1,"mohammed i'm pregnant.... don't sass me, you know it's funny! ~cupcakes",0.03300431743264198
212,62948,./data/img/62948.png,1,"black lives matter >""how"",""why""and ""to whom"" is unclear",0.00023104735009837896
213,21075,./data/img/21075.png,0,size of a shuttle bus legroom of a pinto,0.0001325278717558831
214,73601,./data/img/73601.png,1,when you are white and stole your first bike,0.01753024198114872
215,32579,./data/img/32579.png,0,come to the dark side we have weed,0.3761443793773651
216,21567,./data/img/21567.png,1,our dad is a potato farmer,0.01399659551680088
217,1765,./data/img/01765.png,1,"after a girl dies, what organ in her body stays warm? my dick",0.9979047775268555
218,53172,./data/img/53172.png,0,straight outta the oven step one :turn on the gas,0.005193246528506279
219,32568,./data/img/32568.png,1,america taught us how to be happy slaves the same way school teach us how to be happy employees,0.00013889440742786974
220,1742,./data/img/01742.png,0,in just one hour from now i'll only have 4 hours left until i have to work a mere 3 hours,5.155408871360123e-05
221,56098,./data/img/56098.png,1,"i said ""a glass of juice"".",0.0005942870047874749
222,78612,./data/img/78612.png,0,go see fifty shades darker in theaters alone and throw mayonnaise at couples in the dark,0.0006569523247890174
223,34018,./data/img/34018.png,1,fuck the catholics fuck the catholic church fuck the pope,0.9994978904724121
224,53609,./data/img/53609.png,0,"when your friend insists on paying for dinner but you still want to contribute - just the tip, come on... let me",4.249935591360554e-05
225,89362,./data/img/89362.png,1,has extra chromosome probably stole it,0.0003830131026916206
226,80426,./data/img/80426.png,1,a talking ape,0.004595139529556036
227,83045,./data/img/83045.png,1,"so much trash, we need a garbage collector",0.8807462453842163
228,61503,./data/img/61503.png,0,someone else used kids to push an agenda,0.0020962897688150406
229,41890,./data/img/41890.png,1,house of pedophile,0.8545070886611938
230,52091,./data/img/52091.png,1,"women ask for equal rights, so i give them equal lefts aswell",0.0005536085809580982
231,24396,./data/img/24396.png,1,"so like, why are men even gay? girls have buttholes too you know.",0.7982470989227295
232,72168,./data/img/72168.png,1,upper downer,0.008786107413470745
233,85761,./data/img/85761.png,1,no wonder why the pipes are not working,0.0001250185741810128
234,35719,./data/img/35719.png,0,jamal is practicing for class sport,0.0001396002626279369
235,90256,./data/img/90256.png,1,"whenever you feel stupid, remember there are people who throw stones at a wall! aiming for an invisible devil, told by an invisible god for an invisible heaven!",0.7322432398796082
236,20984,./data/img/20984.png,0,when you are white and stole your first bike,0.01753024198114872
237,95086,./data/img/95086.png,1,novaky concentration camp these jews can claim holocaust pensions,0.6587896347045898
238,49028,./data/img/49028.png,0,i finally found my girlfriends g-spot turns out it was in her sister the whole time,0.00012008081830572337
239,18356,./data/img/18356.png,0,i took a shower this morning,0.0004478598712012172
240,52634,./data/img/52634.png,0,the secret to a successful marriage is to keep his stomach full and his balls empty,0.9303131699562073
241,80512,./data/img/80512.png,1,"you can make jokes about anything, just not illegals that's crossing the border",0.0010842402698472142
242,62703,./data/img/62703.png,0,they shot the wrong gorilla,0.008972886018455029
243,95176,./data/img/95176.png,0,notice how the kenyan skidmark has been silent about the mueller report?,8.399091166211292e-05
244,27384,./data/img/27384.png,0,that face you make when you're a bully and just got beat up by a girl,0.9021117091178894
245,82437,./data/img/82437.png,1,we should learn from ocean how to treat refugees,0.00011642237950582057
246,26943,./data/img/26943.png,1,my incesters built this country!!!!,0.0380878783762455
247,9152,./data/img/09152.png,0,"i don't have ex's. i have y's. like, ""y the hell did i date you?!?""",0.35983309149742126
248,7429,./data/img/07429.png,1,i'm about to have my 5th abortion fuck you batman i'm the real crime fighter,0.9977145195007324
249,75639,./data/img/75639.png,1,changing every single country it touches,6.32210576441139e-05
250,46812,./data/img/46812.png,0,goat meat is very popular in islamic countries,0.0008994999807327986
251,63827,./data/img/63827.png,1,teacher of the year for black community,0.0013154334155842662
252,41276,./data/img/41276.png,1,evolution from peeling bananas to busting caps,0.00373138883151114
253,56413,./data/img/56413.png,1,feeling cute might shoot a darkie later idk,0.0018086099298670888
254,69512,./data/img/69512.png,0,happy birthday you sexy beast,0.008150272071361542
255,43175,./data/img/43175.png,1,when was the last time you saw so many mentally ill people on the streat,0.12363728880882263
256,54129,./data/img/54129.png,0,dump pipe to the ocean,0.010659382678568363
257,23645,./data/img/23645.png,1,what do they have in common? you enjoy pushing them down the stairs,9.931633394444361e-05
258,89425,./data/img/89425.png,1,hello chocolate paradise princess i'm albert,0.00022993424499873072
259,16923,./data/img/16923.png,1,do you like goat anus? smell my finger,0.9919703006744385
260,4769,./data/img/04769.png,1,"if she's pouting like this and you don't immediately drop the argument , motherfucker you gay",0.9996600151062012
261,69815,./data/img/69815.png,0,thank you for allowing me into your country now we need to talk about the things that need to change around here to accommodate my beliefs,0.0004530148580670357
262,91468,./data/img/91468.png,0,"you want a whore? buy one. you want a queen? earn her. you want a nickel bag? fifteen bucks, little man",0.9908522963523865
263,52104,./data/img/52104.png,0,"lebanon: before islam after islam but don't worry! after islam takes over, there'll be a golden age... apparently",8.254461135948077e-05
264,52031,./data/img/52031.png,0,theriously?? that's methed up!,0.0002031821641139686
265,8795,./data/img/08795.png,0,when you are white and working in oil field,0.009449447505176067
266,50317,./data/img/50317.png,1,what in the hell is wrong with america voting towel heads into congress,0.5915056467056274
267,73914,./data/img/73914.png,1,be careful who you call ugly in highschool,0.0454016774892807
268,3197,./data/img/03197.png,1,i'm no bird expert but i'm guessing it's 4 females and 1 male,0.0001851256238296628
269,49621,./data/img/49621.png,0,"wait, mohammad come back i didn't mean to laugh, really size dosen't matter to me lol",0.00936224777251482
270,68530,./data/img/68530.png,1,a fast sandwich maker,7.844028004910797e-05
271,98547,./data/img/98547.png,0,waves mexican flag doesn't want to live in mexico,0.00016317116387654096
272,3519,./data/img/03519.png,1,i'm going home i'm russian,0.0012487813364714384
273,43698,./data/img/43698.png,0,don't be late for work get the protestor plow,0.0018948194338008761
274,84756,./data/img/84756.png,1,when you ask the kid that misses class a lot why he is bald and he starts crying all right. then keep vour secrets,0.0033719586208462715
275,93051,./data/img/93051.png,0,and for my next class project!,4.878571053268388e-05
276,68257,./data/img/68257.png,0,everyone is afraid of dark,9.16258359211497e-05
277,12834,./data/img/12834.png,1,"in west philadelphia, born and raised in the anus is where i got most of my aids",0.9569251537322998
278,57208,./data/img/57208.png,0,i had potato for lunch,0.002335428260266781
279,26439,./data/img/26439.png,0,parental opioid use has negative effect on children's intelligence,0.00476521672680974
280,53769,./data/img/53769.png,0,in 1979 jimmy carter created the department of education since then the u.s. has gone from 1st to 17th in education,0.0010962897213175893
281,28406,./data/img/28406.png,0,when she gives you that look,0.0006419564015232027
282,53418,./data/img/53418.png,0,a real man loads the dishwasher every night,0.002010228345170617
283,10785,./data/img/10785.png,1,"time to put the ""panic"" back in hispanic",0.00033218690077774227
284,84302,./data/img/84302.png,0,why do we share more when these people are hurt but not these people,0.0008065577130764723
285,76015,./data/img/76015.png,0,everyone celebrates christmas !,8.278543100459501e-05
286,34189,./data/img/34189.png,0,fight for what you believe in fight for the future,0.0003909676452167332
287,52079,./data/img/52079.png,0,just bought a house! now we're house-poor,0.0002948567271232605
288,63987,./data/img/63987.png,0,the migrant caravan arrives!,0.00011517528764670715
289,73526,./data/img/73526.png,0,"if she's still making noises, you didn't hit her hard enough",0.0002578207349870354
290,2145,./data/img/02145.png,0,"and then i asked mom, what's for dinner?",0.00020746822701767087
291,84102,./data/img/84102.png,0,the definition of utter disgust in plain black and white,0.051322758197784424
292,32981,./data/img/32981.png,0,the latest and greatest. a truck that comes with a dishwasher!,9.818925173021853e-05
293,73605,./data/img/73605.png,0,no matter what smile,5.328447150532156e-05
294,7382,./data/img/07382.png,1,wouldn't be the last time those people used the oven this way,0.00043841550359502435
295,64071,./data/img/64071.png,0,when you have someone to help and take care of you what could happen if you didn't,4.231801722198725e-05
296,80912,./data/img/80912.png,0,mr obama it is an honor,0.0004805157077498734
297,84762,./data/img/84762.png,1,do you know how to turn your dishwasher into a snowblower? throw em a shovel,0.18921028077602386
298,39076,./data/img/39076.png,0,playing with the monkeys in thailand,0.09498121589422226
299,85679,./data/img/85679.png,1,mr obama it is an honor,0.0004805157077498734
300,38095,./data/img/38095.png,0,haters will say it's photoshop,0.7960468530654907
301,52394,./data/img/52394.png,0,i forgot what are we fighting over again?,0.00019408523803576827
302,14865,./data/img/14865.png,0,"terrible as hitler was, he did enjoy watching sports",0.13606558740139008
303,54819,./data/img/54819.png,0,beauty shot of girlfriends focusing on different thoughts and ideas,0.00020527113520074636
304,46082,./data/img/46082.png,0,the future of the democratic party,0.00013887321983929724
305,73962,./data/img/73962.png,1,you should treat that the way you treat you vacuum cleaner when it stops sucking change the bag,0.9101523756980896
306,78462,./data/img/78462.png,0,"in the last days there will be scoffers, ridiculers, deniers and mockers following after their own lusts",0.004239508882164955
307,49805,./data/img/49805.png,0,imagine being so disgusting there have to be laws to try to stop normal people from hating you,0.9705379605293274
308,24098,./data/img/24098.png,1,thanksgiving in china,0.00017708200903143734
309,67435,./data/img/67435.png,1,when you ask a jewish girl for her number and she starts rolling her sleeve,0.00068854441633448
310,60893,./data/img/60893.png,0,"busy, like a hive of bees, controlling what your family sees and edits all the news your hear so you'll know what to think and fear till all the truth there is, is gone. that is unless you stand, en masse. """,0.0031669046729803085
311,93148,./data/img/93148.png,0,the proper way to pop a blackhead,0.9535616636276245
312,7351,./data/img/07351.png,0,"""plays uno steals all the green cards""",5.733065336244181e-05
313,16850,./data/img/16850.png,0,okay okay okay here's my serious face do i look fuhrerious yet?,0.0035906245466321707
314,96312,./data/img/96312.png,0,when you support your little one every step of the way,0.0005838650395162404
315,86195,./data/img/86195.png,0,dolled up and rolling with the gang like,0.011669745668768883
316,84162,./data/img/84162.png,0,i could have killed all of them. but i let some of them survive so you know why i killed them,0.044100452214479446
317,12067,./data/img/12067.png,0,pre-heat to 350 degrees,0.00024140467576216906
318,5938,./data/img/05938.png,1,in the muslim world all gay men are well hung,0.27790510654449463
319,43092,./data/img/43092.png,0,pretty much sums up islam,0.000441970449173823
320,30148,./data/img/30148.png,1,you mean i don't have to pick it?!?,0.00018586280930321664
321,12045,./data/img/12045.png,0,learn to hunt. it's a valuable skill,7.635508518433198e-05
322,92068,./data/img/92068.png,0,still better than mexican,0.000100731871498283
323,73021,./data/img/73021.png,0,when mom asks where all the jews went,0.06304993480443954
324,56241,./data/img/56241.png,1,94% of them test positive for rh blood type which means they have monkey blood as a result they are born with a tail and other animal traits,0.0006369173643179238
325,28905,./data/img/28905.png,1,"hey, i just met you and this is crazy but here's your number.. so camping, maybe?",0.000715716858394444
326,13750,./data/img/13750.png,0,wouldn't be the last time those people used the oven this way,0.00043841550359502435
327,6582,./data/img/06582.png,1,they are terrorists anyone who doesn't agree is an idiot,0.9979854822158813
328,75142,./data/img/75142.png,0,"you should treat that the way you treat your vacuum cleaner, when it stops sucking change the bag",0.8388793468475342
329,56149,./data/img/56149.png,0,the original scarecrow,0.0013862374471500516
330,41796,./data/img/41796.png,0,nein danke i'm very happy with my gas supplier,0.00010297881090082228
331,31570,./data/img/31570.png,1,"busy, like a hive of bees, controlling what your family sees and edits all the news your hear so you'll know what to think and fear till all the truth there is, is gone that is unless you stand, en masse. """,0.003913055639714003
332,1726,./data/img/01726.png,1,a real man loads the dishwasher every night,0.002010228345170617
333,23785,./data/img/23785.png,0,hansel and gretel was a scary childrens story,0.0007945596007630229
334,56473,./data/img/56473.png,0,knows about you. your family your children everything,0.0021965098567306995
335,62970,./data/img/62970.png,0,if you want to know how they were treated illustration of man with four slaves chained together,7.73502979427576e-05
336,41035,./data/img/41035.png,0,my new muslim girlfriend not much to look at,0.14867794513702393
337,10285,./data/img/10285.png,1,you are what you eat meanwhile in africa,0.031586166471242905
338,95604,./data/img/95604.png,1,"they want to be accepted for who they are, yet theren't able to accept themselves for who they are",4.4452972360886633e-05
339,68401,./data/img/68401.png,0,when you date an asian boy and you trynna get his family to accept you,0.02082735300064087
340,50984,./data/img/50984.png,0,a cat in a pot,0.0012564336648210883
341,17908,./data/img/17908.png,0,making a quick 3pm snack,7.256513345055282e-05
342,42631,./data/img/42631.png,1,i believe they are like racism just shouldn't exist,0.030911734327673912
343,61349,./data/img/61349.png,1,the proper way to pop a blackhead,0.9535616636276245
344,65093,./data/img/65093.png,0,cookie kunty seen in paris,0.0005759210325777531
345,86357,./data/img/86357.png,0,apparently not erdogan,0.0002749297418631613
346,74965,./data/img/74965.png,0,some people some other people,0.002481634495779872
347,75918,./data/img/75918.png,0,a picture of my great great great grand grandfather's tractors they don't make them like they used to,7.62404888519086e-05
348,14975,./data/img/14975.png,0,hitting is a crime. it's about time people understood that,4.527097917161882e-05
349,92317,./data/img/92317.png,0,"you either die a hero, or live long enough to become the villain",0.8845508694648743
350,19536,./data/img/19536.png,1,when your jewish friend smells a stash of coins in public,0.0025172431487590075
351,90236,./data/img/90236.png,0,voila! fresh batch of baked goods !,8.917993545765057e-05
352,30642,./data/img/30642.png,0,rabbi sitting in synagogue chillin and doing his thing,0.0031853378750383854
353,59206,./data/img/59206.png,0,traveling through chimney,0.000155192959937267
354,19075,./data/img/19075.png,0,when you smell cake,0.01799318566918373
355,79042,./data/img/79042.png,0,the door to the crematorium and gas chambers are closed,0.00025430883397348225
356,98720,./data/img/98720.png,0,when your wife just died giving birth to your daughter and you're alone in the room with your naked just born daughter,0.9484485387802124
357,2634,./data/img/02634.png,1,and just like that... this sandwich maker doubles as an ironing board,0.00015652095316909254
358,84107,./data/img/84107.png,0,i ordered a dishwasher and they sent me a sandwich maker,0.0012733156327158213
359,7198,./data/img/07198.png,1,islam is a religion of peace stop criticizing my religion,0.0061651840806007385
360,45702,./data/img/45702.png,1,"if she's still making noises, you didn't hit her hard enough",0.0002578207349870354
361,46085,./data/img/46085.png,0,city workers repair statue cover it up with black sheet,0.0077423155307769775
362,8451,./data/img/08451.png,0,when you ask a jewish girl for her number and she starts rolling her sleeve,0.00068854441633448
363,73482,./data/img/73482.png,0,it's time we took guns away and put them out of the reach of our children,0.0068388432264328
364,28017,./data/img/28017.png,1,say it! say it ! islam is the religion of peace,0.0014716885052621365
365,2364,./data/img/02364.png,0,"a jewish shop owner, wears a kippah or yarmulke whilst in his shop in tehran",0.0007398591260425746
366,42538,./data/img/42538.png,0,and at that moment everything else in the world just melted away,0.00010623782873153687
367,47183,./data/img/47183.png,0,taking the liberals to a whole new level,0.0545063354074955
368,72904,./data/img/72904.png,1,terrorist trojan horse enemy of the state,0.1017172560095787
369,90243,./data/img/90243.png,1,"best gamer ever 6 million kills, 1 death",0.001226028660312295
370,41382,./data/img/41382.png,0,"they want to be accepted for who they are, yet theren't able to accept themselves for who they are",4.4452972360886633e-05
371,78156,./data/img/78156.png,0,you mean i don't have to pick it?!?,0.00018586280930321664
372,74250,./data/img/74250.png,0,white kids kids dreaming about their first day of school,0.002211177023127675
373,97132,./data/img/97132.png,0,in the muslim world all gay men are well hung,0.27790510654449463
374,35840,./data/img/35840.png,1,i ordered a dishwasher and they sent me a sandwich maker,0.0012733156327158213
375,78134,./data/img/78134.png,0,in other countries in pakistan,5.5264332331717014e-05
376,93620,./data/img/93620.png,1,in other countries in pakistan,5.5264332331717014e-05
377,57369,./data/img/57369.png,0,lose 15 lbs with this 1 simple trick photoshop,0.0016809689113870263
378,10362,./data/img/10362.png,1,german british danish austrian diversity. apparently we don't have it and these guys do: iraqi pakistani syrian egyptian,0.0029696286655962467
379,36058,./data/img/36058.png,0,love is love,8.7720800365787e-05
380,9467,./data/img/09467.png,1,when mom asks where all the jews went,0.06304993480443954
381,60183,./data/img/60183.png,1,nein danke i'm very happy with my gas supplier,0.00010297881090082228
382,47263,./data/img/47263.png,1,pre-heat to 350 degrees,0.00024140467576216906
383,18726,./data/img/18726.png,0,when your bed is short and your feed stick out,0.004831122234463692
384,50379,./data/img/50379.png,0,do you know how to turn your dishwasher into a snowblower? throw em a shovel,0.18921028077602386
385,6352,./data/img/06352.png,0,"and then i asked mom, can we go play?",0.000580228865146637
386,58093,./data/img/58093.png,0,i treat them like java treats its generic parameters at run time as objects,7.760171865811571e-05
387,19508,./data/img/19508.png,1,the definition of utter disgust in plain black and white,0.051322758197784424
388,2783,./data/img/02783.png,1,a picture of my great great great grand grandfather's tractors they don't make them like they used to,7.62404888519086e-05
389,41728,./data/img/41728.png,0,i believe they are like racism. just shouldn't exist,0.037755757570266724
390,51306,./data/img/51306.png,0,eat some cookies you're not yourself when you're hungry,7.309086504392326e-05
391,50241,./data/img/50241.png,1,"bitches be like no weave, no makeup, no lashes, no eyebrows",0.9984537363052368
392,49650,./data/img/49650.png,1,"and then i asked mom, what's for dinner?",0.00020746822701767087
393,17045,./data/img/17045.png,0,celebrating the presidential election,8.799031638773158e-05
394,89536,./data/img/89536.png,0,so many lives lost because of this man,0.006104093976318836
395,26187,./data/img/26187.png,1,i love my slow cooker,0.000572786433622241
396,74906,./data/img/74906.png,1,are you a boy or a girl i'm non binary,0.0014666937058791518
397,28190,./data/img/28190.png,1,when finishing a race is your passion,9.938133007381111e-05
398,89642,./data/img/89642.png,1,i treat them like java treats its generic parameters at run time as objects,7.760171865811571e-05
399,59170,./data/img/59170.png,0,and just like that... this sandwich maker doubles as an ironing board,0.00015652095316909254
400,30927,./data/img/30927.png,0,doesnt let anything stop her have a great day,8.063016139203683e-05
401,32049,./data/img/32049.png,0,"german british danish austrian diversity. apparently we don't have it and these guys do: iraqi, pakistani, syrian, egyptian",0.0014613568782806396
402,95173,./data/img/95173.png,0,take the third reich and then the first left?,0.00199564965441823
403,50198,./data/img/50198.png,0,you don't need cocaine to be happy,0.041629597544670105
404,37658,./data/img/37658.png,1,when your dishwasher is broken so you take it back to walmart to get a new one,0.004109974019229412
405,95613,./data/img/95613.png,1,what a weird way to spell fat and single,0.9322571158409119
406,43805,./data/img/43805.png,1,the original scarecrow,0.0013862374471500516
407,18306,./data/img/18306.png,1,white kids kids dreaming about their first day of school,0.002211177023127675
408,46518,./data/img/46518.png,1,"it's the goat humper, looks like a bunch of pigs just walked over your grave",0.2876165509223938
409,18547,./data/img/18547.png,1,1st day of 4th grade sandy hook elementary school,0.00032899394864216447
410,2518,./data/img/02518.png,0,when the dog bites you and you bite back to assert dominance,0.10734722763299942
411,4621,./data/img/04621.png,0,you are what you eat meanwhile in africa,0.031586166471242905
412,98543,./data/img/98543.png,1,upper downer,0.008786107413470745
413,85621,./data/img/85621.png,0,"no, that's not his daughter... that's his wife! yet the world is silent..",0.00067083106841892
414,18367,./data/img/18367.png,0,i love my slow cooker,0.000572786433622241
415,84036,./data/img/84036.png,0,militant dressed as martyr,0.0003197887272108346
416,86417,./data/img/86417.png,1,i could have killed all of them. but i let some of them survive so you know why i killed them,0.044100452214479446
417,92567,./data/img/92567.png,0,pray for peace pray for wellbeing,0.00011936671216972172
418,63921,./data/img/63921.png,0,taking a photo with family,0.00019642709230538458
419,72864,./data/img/72864.png,1,traveling through chimney,0.000155192959937267
420,30586,./data/img/30586.png,0,just can't get rid of the stain. this is why i hate beets,0.036496181041002274
421,83264,./data/img/83264.png,1,randomly deciding to bake something,0.000509044446516782
422,93041,./data/img/93041.png,0,"""who's gonna make the sandwiches? what do we do with all these sandwiches?""",6.468811625381932e-05
423,97305,./data/img/97305.png,1,when your wife just died giving birth to your daughter and you're alone in the room with your naked just born daughter,0.9484485387802124
424,3568,./data/img/03568.png,0,time to play rich vs the constitution,8.211430395022035e-05
425,7653,./data/img/07653.png,1,"in the last days there will be god hating scoffers, ridiculers, deniers and mockers following after their own lusts",0.1260124295949936
426,26397,./data/img/26397.png,0,there are still parts of the world where people celebrate capital punishment,0.00017224359908141196
427,3217,./data/img/03217.png,0,"they are like sperm you get millions, but only one works",0.9950300455093384
428,40618,./data/img/40618.png,0,when your company valuation hits 1 billion,9.645616228226572e-05
429,67208,./data/img/67208.png,0,does nike also sell stones in case they take it off?,6.567122909473255e-05
430,3798,./data/img/03798.png,0,"hey, i just met you and this is crazy but here's your number... so camping, maybe?",0.0010552604217082262
431,12468,./data/img/12468.png,0,say it! say it ! islam is the religion of peace,0.0014716885052621365
432,16842,./data/img/16842.png,0,every kitchen needs a sandwich maker just like this one,0.00013909785775467753
433,68043,./data/img/68043.png,1,plays uno steals all the green cards,9.086224599741399e-05
434,51807,./data/img/51807.png,0,are you a boy or a girl i'm non binary,0.0014666937058791518
435,78914,./data/img/78914.png,0,terrorist trojan horse enemy of the state,0.1017172560095787
436,47950,./data/img/47950.png,0,"democrats ilhan omar alexandria ocasio-cortez ayanna pressley rashida tlais we're new, bold, and we hate you! we hate whites, jews, christians, conservatives, republicans,",0.8647444248199463
437,95487,./data/img/95487.png,0,watching vegetables grow,0.00140105071477592
438,49260,./data/img/49260.png,0,it's the goat humper looks like a bunch of pigs just walked over your grave,0.34036171436309814
439,20861,./data/img/20861.png,1,pretty much sums up islam,0.000441970449173823
440,38914,./data/img/38914.png,0,cotton candy is what makes the theme park wonderful,4.894527228316292e-05
441,47016,./data/img/47016.png,1,"last summer camp was so ""lit""",3.736330472747795e-05
442,14389,./data/img/14389.png,1,"democrats we're new, bold, and we hate you! alexandria ocasio-cortez rashida tlais ilhan omar ayanna pressley we hate whites, jews, christians, conservatives, republicans",0.8177973628044128
443,35487,./data/img/35487.png,0,randomly deciding to bake something,0.000509044446516782
444,84150,./data/img/84150.png,0,when your jewish friend smells a stash of coins in public,0.0025172431487590075
445,13809,./data/img/13809.png,1,doing o's with the smoke,0.014434413984417915
446,50261,./data/img/50261.png,1,haters will say it's photoshop,0.7960468530654907
447,75286,./data/img/75286.png,1,look at this sandwich maker club i found on wish on clearance,4.3925803765887395e-05
448,64312,./data/img/64312.png,1,"no, that's not his daughter.. that's his wife! yet the world is silent..",0.0005714753060601652
449,67103,./data/img/67103.png,1,still better than mexican,0.000100731871498283
450,18059,./data/img/18059.png,1,"they are like sperm you get millions, but only one works",0.9950300455093384
451,90643,./data/img/90643.png,0,she represents the new wave of democrats,0.001403908128850162
452,16749,./data/img/16749.png,0,broken dishwasher,0.2841721475124359
453,37814,./data/img/37814.png,0,this is el paso shooter's father every. single. time,0.0007427374948747456
454,92046,./data/img/92046.png,0,they are terrorists anyone who doesn't agree is an idiot,0.9979854822158813
455,90843,./data/img/90843.png,0,"time to put the ""panic"" back in hispanic",0.00033218690077774227
456,85237,./data/img/85237.png,0,these are all the weapons that were seized from isis,0.00025646790163591504
457,98235,./data/img/98235.png,0,fashion forward !,0.00011013797484338284
458,90267,./data/img/90267.png,0,i've been driving this baby for years the mileage isn't great but still gets the job done,0.0006574246217496693
459,48296,./data/img/48296.png,1,when you date an asian boy and you trynna get his family to accept you,0.02082735300064087
460,29174,./data/img/29174.png,0,the crimes against humanity should not be swiftly forgotten,0.0005338897462934256
461,65801,./data/img/65801.png,0,first friday prayers of the islamic holy day,0.00010943791130557656
462,91763,./data/img/91763.png,1,imagine being so disgusting there have to be laws to try to stop normal people from hating you,0.9705379605293274
463,94387,./data/img/94387.png,0,i'm a fan of the color black on you although the rose gold looks pretty good as well,7.452175486832857e-05
464,80947,./data/img/80947.png,1,my new muslim girlfriend not much to look at,0.14867794513702393
465,78251,./data/img/78251.png,1,watching vegetables grow,0.00140105071477592
466,94738,./data/img/94738.png,0,shopping is boring. why not have some fun at the walmart parking lot?,0.00018595339497551322
467,57823,./data/img/57823.png,0,"bitches be like no weave, no makeup, no lashes, no eyebrows & no filter. all natural",0.9987664222717285
468,32415,./data/img/32415.png,0,when finishing a race is your passion,9.938133007381111e-05
469,5316,./data/img/05316.png,0,doing o's with the smoke,0.014434413984417915
470,61085,./data/img/61085.png,0,upper downer,0.008786107413470745
471,27498,./data/img/27498.png,1,who's gonna make the sandwiches? what do we do with all these sandwiches?,0.00011583657760638744
472,37160,./data/img/37160.png,0,"best gamer ever 6 million kills, 1 death""",0.00045316090108826756
473,18742,./data/img/18742.png,0,i'm proud of it! come at me!,8.300938497995958e-05
474,19243,./data/img/19243.png,0,"surprise!! wait, where is everyone?",4.5546908950200304e-05
475,54108,./data/img/54108.png,1,does nike also sell stones in case they take it off?,6.567122909473255e-05
476,93528,./data/img/93528.png,1,portable dishwasher slash sandwich maker,0.0006765207508578897
477,78659,./data/img/78659.png,0,what a weird way to spell fat and single,0.9322571158409119
478,67082,./data/img/67082.png,0,"""1st day of 4th grade sandy hook elementary school""",7.842673949198797e-05
479,64125,./data/img/64125.png,0,ooof. that's gotta hurt,0.012975435703992844
480,41296,./data/img/41296.png,0,94% of them test positive for rh blood type which means they have monkey blood as a result they are born with a tail and other animal traits,0.0006369173643179238
481,53491,./data/img/53491.png,0,and in 3 days he came back to life bringing salvation,4.511974475462921e-05
482,37692,./data/img/37692.png,0,"""islam is a religion of peace stop criticizing my religion""",0.0008653372060507536
483,36201,./data/img/36201.png,0,look at me bling up my prosthetic,0.004590977448970079
484,29054,./data/img/29054.png,1,broken dishwasher,0.2841721475124359
485,6273,./data/img/06273.png,1,the jihad squad,0.004855804145336151
486,25061,./data/img/25061.png,1,this is el paso shooter's father. every. single. time,0.0009881448931992054
487,20437,./data/img/20437.png,0,thanksgiving in china,0.00017708200903143734
488,5439,./data/img/05439.png,0,portable dishwasher slash sandwich maker,0.0006765207508578897
489,34528,./data/img/34528.png,1,every kitchen needs a sandwich maker just like this one,0.00013909785775467753
490,93541,./data/img/93541.png,0,the jihad squad,0.004855804145336151
491,16704,./data/img/16704.png,0,"last summer camp was so ""lit""",3.736330472747795e-05
492,48792,./data/img/48792.png,0,leaving a trail of death and destruction,0.020482370629906654
493,7528,./data/img/07528.png,1,the latest and greatest. a truck that comes with a dishwasher!,9.818925173021853e-05
494,1268,./data/img/01268.png,0,father and daughter bonding time is the best like and share if you agree,6.0667309298878536e-05
495,83675,./data/img/83675.png,0,i'm gonna be like phelps one day,0.004940837621688843
496,37198,./data/img/37198.png,0,when you're so relaxed you can feel yourself go to the next level,9.027427586261183e-05
497,48670,./data/img/48670.png,0,look at this sandwich maker club i found on wish on clearance,4.3925803765887395e-05
498,9863,./data/img/09863.png,0,diverse group of women,0.000667035928927362
499,97320,./data/img/97320.png,0,"""when your dishwasher is broken so you take it back to walmart to get a new one""",0.0005228018271736801
